Name,Position x,Position y,Position z,Rotation x,Rotation y,Rotation z,Scale x,Scale y,Scale z,Parent,Note
"IslandScene_BES_SocialIsland",0,0,0,0,0,0,1,1,1,"","Root generated scene hierarchy"
"Terrain_MainIsland_And_CampingIsland",-256,-4,-256,0,0,0,1,1,1,"IslandScene_BES_SocialIsland/Terrain","512m x 512m terrain frame"
"Ocean_Surrounding_Island_WaterShader",0,-2.9,0,0,0,0,620,0.12,620,"IslandScene_BES_SocialIsland/Terrain","Surrounding ocean water shader placeholder"
"Circular_Stone_Plaza",0,5,0,0,0,0,88,0.18,88,"IslandScene_BES_SocialIsland/Environment/CentralPlaza_CENTER_SocialHub_CircularPlaza_Fountain","Center plaza"
"Fountain_Shallow_Lake_Ring_Water",0,5.42,0,0,0,0,23,0.04,23,"IslandScene_BES_SocialIsland/Environment/CentralPlaza_CENTER_SocialHub_CircularPlaza_Fountain","Shallow water ring around central fountain"
"Big_Central_Fountain",0,6.6,0,0,0,0,1.7,1.7,1.7,"IslandScene_BES_SocialIsland/Environment/CentralPlaza_CENTER_SocialHub_CircularPlaza_Fountain","Fountain only in center"
"Player_Spawn_Center_Plaza",0,7,-18,0,0,0,4,2,4,"IslandScene_BES_SocialIsland/Interactions_And_Spawn","Default player spawn/social hub"
"Forest_North_DenseGreenForest_Resources",0,0,0,0,0,0,1,1,1,"IslandScene_BES_SocialIsland/Environment","North forest zone"
"AnimalSpawner_Deer_NorthForest",-26,9,92,0,0,0,26,4,20,"IslandScene_BES_SocialIsland/Animals","Deer ambient spawn zone, north forest only"
"AnimalSpawner_Rabbit_NorthForest",32,8,78,0,0,0,28,3,18,"IslandScene_BES_SocialIsland/Animals","Rabbit ambient spawn zone, north forest only"
"AnimalSpawner_Bird_NorthForest",2,16,118,0,0,0,70,16,26,"IslandScene_BES_SocialIsland/Animals","Bird ambient spawn zone and flight layer"
"BirdAudio_NorthForest",0,13,92,0,0,0,1,1,1,"IslandScene_BES_SocialIsland/VFX","Bird ambience placeholder"
"CherryGrove_West_Torii_PhotoSpots",0,0,0,0,0,0,1,1,1,"IslandScene_BES_SocialIsland/Environment","West cherry grove zone"
"Japanese_Torii_Gate_Photo_Entrance",-82,6.2,-42,0,25,0,1,1,1,"IslandScene_BES_SocialIsland/Environment/CherryGrove_West_Torii_PhotoSpots","Torii entrance"
"PoolArea_South_SwimmingPool_Recreation",0,0,0,0,0,0,1,1,1,"IslandScene_BES_SocialIsland/Environment","South pool zone"
"Pool_Water",-36,5.2,-82,0,0,0,44,0.25,28,"IslandScene_BES_SocialIsland/Environment/PoolArea_South_SwimmingPool_Recreation","Pool water"
"FishingPier_East_Docks_Boats",0,0,0,0,0,0,1,1,1,"IslandScene_BES_SocialIsland/Environment","East fishing harbor zone"
"Fishing_Boat_Interactable",96,2.6,-56,0,325,0,0.25,0.25,0.25,"IslandScene_BES_SocialIsland/Environment/FishingPier_East_Docks_Boats","Only boat prop on map"
"Boat_Interaction_Harbor",96,5,-56,0,0,0,8,4,8,"IslandScene_BES_SocialIsland/Interactions_And_Spawn","Only boat interaction on map"
"ViewPoint_NE_OceanCliff_Gazebo",0,0,0,0,0,0,1,1,1,"IslandScene_BES_SocialIsland/Environment","NE viewpoint zone"
"Circular_Wood_Viewing_Platform",83,17.6,57,0,0,0,40,0.35,40,"IslandScene_BES_SocialIsland/Environment/ViewPoint_NE_OceanCliff_Gazebo","Viewpoint platform"
"Gazebo_Cutscene_Viewpoint",83,18,57,0,0,0,1,1,1,"IslandScene_BES_SocialIsland/Environment/ViewPoint_NE_OceanCliff_Gazebo","Gazebo and cutscene staging"
"CampIsland_SE_SeparatedCamping_Bridges",0,0,0,0,0,0,1,1,1,"IslandScene_BES_SocialIsland/Environment","Separate southeast camping island"
"Camping_Tent_Main",112,6,-108,0,325,0,1.5,1.5,1.5,"IslandScene_BES_SocialIsland/Environment/CampIsland_SE_SeparatedCamping_Bridges","Main tent"
"Camping_Tent_Secondary",88,5.8,-116,0,20,0,1.1,1.1,1.1,"IslandScene_BES_SocialIsland/Environment/CampIsland_SE_SeparatedCamping_Bridges","Secondary tent"
"Camping_Campfire_SocialHub",101,6.3,-91,0,0,0,1.4,1.4,1.4,"IslandScene_BES_SocialIsland/Environment/CampIsland_SE_SeparatedCamping_Bridges","Campfire social hub"
"Bridge_To_Camping_Island_A",0,0,0,0,0,0,1,1,1,"IslandScene_BES_SocialIsland/Environment/Stone_Paths_And_Wooden_Bridges","First small wooden bridge"
"Bridge_To_Camping_Island_B",0,0,0,0,0,0,1,1,1,"IslandScene_BES_SocialIsland/Environment/Stone_Paths_And_Wooden_Bridges","Second small wooden bridge"
"PostFX_GlobalVolume_Bloom_Color_Vignette",0,0,0,0,0,0,1,1,1,"IslandScene_BES_SocialIsland/VFX/Lighting_PostFX","URP visual polish volume"
"Coast_Foam_Wave_Strips",0,0,0,0,0,0,1,1,1,"IslandScene_BES_SocialIsland/Environment/Rocky_Coastline_Beaches","Foam strip parent"
"Plaza_Travel_Wagon_Prop",33,6,-13,0,298,0,1.2,1.2,1.2,"IslandScene_BES_SocialIsland/Environment/CentralPlaza_CENTER_SocialHub_CircularPlaza_Fountain/Zone_Decor","Ghibli wagon staging asset"
"Forest_North_Landmark_AncientTree",-20,9.4,108,0,340,0,1.85,1.85,1.85,"IslandScene_BES_SocialIsland/Environment/Forest_North_DenseGreenForest_Resources","North forest landmark big tree"
"Forest_North_Resource_Altar",24,8.9,94,0,24,0,1.1,1.1,1.1,"IslandScene_BES_SocialIsland/Environment/Forest_North_DenseGreenForest_Resources/Forest_Detail_DynamicVegetation","Resource discovery staging"
"Pool_Detail_BeachBall",-21,5.9,-79,0,25,0,0.85,0.85,0.85,"IslandScene_BES_SocialIsland/Environment/PoolArea_South_SwimmingPool_Recreation/Pool_Detail_StoneCoping_Umbrellas_Flowers","Pool recreation prop"
"Pool_Detail_Bubble_VFX",-36,6.1,-82,0,0,0,0.8,0.8,0.8,"IslandScene_BES_SocialIsland/Environment/PoolArea_South_SwimmingPool_Recreation/Pool_Detail_StoneCoping_Umbrellas_Flowers","Stylized water VFX"
"Harbor_Detail_Pallet_Stack",80,5.15,-25,0,12,0,0.75,0.75,0.75,"IslandScene_BES_SocialIsland/Environment/FishingPier_East_Docks_Boats/Harbor_Detail_Posts_Lanterns_Cargo","Harbor cargo staging"
"Harbor_Detail_Old_Cannon_Decor",89,5,-31,0,64,0,0.55,0.55,0.55,"IslandScene_BES_SocialIsland/Environment/FishingPier_East_Docks_Boats/Harbor_Detail_Posts_Lanterns_Cargo","Pirate ship decor asset"
"Viewpoint_Cliff_Entry_Arch",66,17.2,47,0,60,0,1.25,1.25,1.25,"IslandScene_BES_SocialIsland/Environment/ViewPoint_NE_OceanCliff_Gazebo/Viewpoint_Detail_Railings_PhotoSet","Viewpoint entrance landmark"
"Camping_Campfire_Flame_VFX",101,7,-91,0,0,0,0.75,0.75,0.75,"IslandScene_BES_SocialIsland/Environment/CampIsland_SE_SeparatedCamping_Bridges/Camping_Detail_Props_Lanterns_Food","Fire VFX layer"
"Camping_Supply_Wagon",130,6.2,-100,0,240,0,0.9,0.9,0.9,"IslandScene_BES_SocialIsland/Environment/CampIsland_SE_SeparatedCamping_Bridges/Camping_Detail_Props_Lanterns_Food","Camping supply staging"
